71333034767	com.example.starrtours.*	2024-07-12 00:00:00	03c41034bd77ef07eaf9c28eb0231ad9c883
71333034777	com.example.starrtours	2024-07-12 00:00:00	03c41034bd77ef07eaf9c28eb0231ad9c883
71333034787	com.example.ncretire.7243	2024-07-12 00:00:00	0434b29b469727dbf8a3084f59d4c84eda7c
71333034797	com.example.nationale7	2024-07-12 00:00:00	0421583c63fa103f9a1cffcd574eec86aae2
71333034807	com.example.healthscopebebefits.vpn.www	2024-07-12 00:00:00	03364198ca8d57f1bd0a1640c3a6d36670d8
71333034817	com.example.rainbowspringsliving.*	2024-07-12 00:00:00	04bd42647b8dade85a7f00f6d67bf4cbfa5b
71333034827	com.example.rainbowspringsliving	2024-07-12 00:00:00	04bd42647b8dade85a7f00f6d67bf4cbfa5b
71333034837	com.example.encorevie.com.rainbowspringsliving	2024-07-12 00:00:00	04bd42647b8dade85a7f00f6d67bf4cbfa5b
71333034847	com.example.encorevie.com.rainbowspringsliving.www	2024-07-12 00:00:00	04bd42647b8dade85a7f00f6d67bf4cbfa5b
71333034857	com.example.yukontranscripts.autodiscover	2024-07-12 00:00:00	04eab51f83666d178e26eb8f20dd96f6fb79
